﻿[
  { "level": "N5", "lessonNumber": 1, "type": "Vocabulary", "file": "N5/Vocabulary/Vocabulary_1.json", "title": "Minna no Nihongo - Lesson 1 (Vocabulary)" },
  { "level": "N5", "lessonNumber": 2, "type": "Vocabulary", "file": "N5/Vocabulary/Vocabulary_2.json", "title": "Minna no Nihongo - Lesson 2 (Vocabulary)" },
  { "level": "N5", "lessonNumber": 3, "type": "Vocabulary", "file": "N5/Vocabulary/Vocabulary_3.json", "title": "Minna no Nihongo - Lesson 3 (Vocabulary)" },
  { "level": "N5", "lessonNumber": 4, "type": "Vocabulary", "file": "N5/Vocabulary/Vocabulary_4.json", "title": "Minna no Nihongo - Lesson 4 (Vocabulary)" },
  { "level": "N5", "lessonNumber": 5, "type": "Vocabulary", "file": "N5/Vocabulary/Vocabulary_5.json", "title": "Minna no Nihongo - Lesson 5 (Vocabulary)" },
  { "level": "N5", "lessonNumber": 6, "type": "Vocabulary", "file": "N5/Vocabulary/Vocabulary_6.json", "title": "Minna no Nihongo - Lesson 6 (Vocabulary)" },
  { "level": "N5", "lessonNumber": 7, "type": "Vocabulary", "file": "N5/Vocabulary/Vocabulary_7.json", "title": "Minna no Nihongo - Lesson 7 (Vocabulary)" },
  { "level": "N5", "lessonNumber": 8, "type": "Vocabulary", "file": "N5/Vocabulary/Vocabulary_8.json", "title": "Minna no Nihongo - Lesson 8 (Vocabulary)" },
  { "level": "N5", "lessonNumber": 9, "type": "Vocabulary", "file": "N5/Vocabulary/Vocabulary_9.json", "title": "Minna no Nihongo - Lesson 9 (Vocabulary)" },
  { "level": "N5", "lessonNumber": 10, "type": "Vocabulary", "file": "N5/Vocabulary/Vocabulary_10.json", "title": "Minna no Nihongo - Lesson 10 (Vocabulary)" },
  { "level": "N5", "lessonNumber": 11, "type": "Vocabulary", "file": "N5/Vocabulary/Vocabulary_11.json", "title": "Minna no Nihongo - Lesson 11 (Vocabulary)" },
  { "level": "N5", "lessonNumber": 12, "type": "Vocabulary", "file": "N5/Vocabulary/Vocabulary_12.json", "title": "Minna no Nihongo - Lesson 12 (Vocabulary)" },
  { "level": "N5", "lessonNumber": 13, "type": "Vocabulary", "file": "N5/Vocabulary/Vocabulary_13.json", "title": "Minna no Nihongo - Lesson 13 (Vocabulary)" },
  { "level": "N5", "lessonNumber": 14, "type": "Vocabulary", "file": "N5/Vocabulary/Vocabulary_14.json", "title": "Minna no Nihongo - Lesson 14 (Vocabulary)" },
  { "level": "N5", "lessonNumber": 15, "type": "Vocabulary", "file": "N5/Vocabulary/Vocabulary_15.json", "title": "Minna no Nihongo - Lesson 15 (Vocabulary)" },
  { "level": "N5", "lessonNumber": 16, "type": "Vocabulary", "file": "N5/Vocabulary/Vocabulary_16.json", "title": "Minna no Nihongo - Lesson 16 (Vocabulary)" },
  { "level": "N5", "lessonNumber": 17, "type": "Vocabulary", "file": "N5/Vocabulary/Vocabulary_17.json", "title": "Minna no Nihongo - Lesson 17 (Vocabulary)" },
  { "level": "N5", "lessonNumber": 18, "type": "Vocabulary", "file": "N5/Vocabulary/Vocabulary_18.json", "title": "Minna no Nihongo - Lesson 18 (Vocabulary)" },
  { "level": "N5", "lessonNumber": 19, "type": "Vocabulary", "file": "N5/Vocabulary/Vocabulary_19.json", "title": "Minna no Nihongo - Lesson 19 (Vocabulary)" },
  { "level": "N5", "lessonNumber": 20, "type": "Vocabulary", "file": "N5/Vocabulary/Vocabulary_20.json", "title": "Minna no Nihongo - Lesson 20 (Vocabulary)" },
  { "level": "N5", "lessonNumber": 21, "type": "Vocabulary", "file": "N5/Vocabulary/Vocabulary_21.json", "title": "Minna no Nihongo - Lesson 21 (Vocabulary)" },
  { "level": "N5", "lessonNumber": 22, "type": "Vocabulary", "file": "N5/Vocabulary/Vocabulary_22.json", "title": "Minna no Nihongo - Lesson 22 (Vocabulary)" },
  { "level": "N5", "lessonNumber": 23, "type": "Vocabulary", "file": "N5/Vocabulary/Vocabulary_23.json", "title": "Minna no Nihongo - Lesson 23 (Vocabulary)" },
  { "level": "N5", "lessonNumber": 24, "type": "Vocabulary", "file": "N5/Vocabulary/Vocabulary_24.json", "title": "Minna no Nihongo - Lesson 24 (Vocabulary)" },
  { "level": "N5", "lessonNumber": 25, "type": "Vocabulary", "file": "N5/Vocabulary/Vocabulary_25.json", "title": "Minna no Nihongo - Lesson 25 (Vocabulary)" },

  { "level": "N4", "lessonNumber": 26, "type": "Vocabulary", "file": "N4/Vocabulary/Vocabulary_26.json", "title": "Minna no Nihongo - Lesson 26 (Vocabulary)" },
  { "level": "N4", "lessonNumber": 27, "type": "Vocabulary", "file": "N4/Vocabulary/Vocabulary_27.json", "title": "Minna no Nihongo - Lesson 27 (Vocabulary)" },
  { "level": "N4", "lessonNumber": 28, "type": "Vocabulary", "file": "N4/Vocabulary/Vocabulary_28.json", "title": "Minna no Nihongo - Lesson 28 (Vocabulary)" },
  { "level": "N4", "lessonNumber": 29, "type": "Vocabulary", "file": "N4/Vocabulary/Vocabulary_29.json", "title": "Minna no Nihongo - Lesson 29 (Vocabulary)" },
  { "level": "N4", "lessonNumber": 30, "type": "Vocabulary", "file": "N4/Vocabulary/Vocabulary_30.json", "title": "Minna no Nihongo - Lesson 30 (Vocabulary)" },
  { "level": "N4", "lessonNumber": 31, "type": "Vocabulary", "file": "N4/Vocabulary/Vocabulary_31.json", "title": "Minna no Nihongo - Lesson 31 (Vocabulary)" },
  { "level": "N4", "lessonNumber": 32, "type": "Vocabulary", "file": "N4/Vocabulary/Vocabulary_32.json", "title": "Minna no Nihongo - Lesson 32 (Vocabulary)" },
  { "level": "N4", "lessonNumber": 33, "type": "Vocabulary", "file": "N4/Vocabulary/Vocabulary_33.json", "title": "Minna no Nihongo - Lesson 33 (Vocabulary)" },
  { "level": "N4", "lessonNumber": 34, "type": "Vocabulary", "file": "N4/Vocabulary/Vocabulary_34.json", "title": "Minna no Nihongo - Lesson 34 (Vocabulary)" },
  { "level": "N4", "lessonNumber": 35, "type": "Vocabulary", "file": "N4/Vocabulary/Vocabulary_35.json", "title": "Minna no Nihongo - Lesson 35 (Vocabulary)" },
  { "level": "N4", "lessonNumber": 36, "type": "Vocabulary", "file": "N4/Vocabulary/Vocabulary_36.json", "title": "Minna no Nihongo - Lesson 36 (Vocabulary)" },
  { "level": "N4", "lessonNumber": 37, "type": "Vocabulary", "file": "N4/Vocabulary/Vocabulary_37.json", "title": "Minna no Nihongo - Lesson 37 (Vocabulary)" },
  { "level": "N4", "lessonNumber": 38, "type": "Vocabulary", "file": "N4/Vocabulary/Vocabulary_38.json", "title": "Minna no Nihongo - Lesson 38 (Vocabulary)" },
  { "level": "N4", "lessonNumber": 39, "type": "Vocabulary", "file": "N4/Vocabulary/Vocabulary_39.json", "title": "Minna no Nihongo - Lesson 39 (Vocabulary)" },
  { "level": "N4", "lessonNumber": 40, "type": "Vocabulary", "file": "N4/Vocabulary/Vocabulary_40.json", "title": "Minna no Nihongo - Lesson 40 (Vocabulary)" },
  { "level": "N4", "lessonNumber": 41, "type": "Vocabulary", "file": "N4/Vocabulary/Vocabulary_41.json", "title": "Minna no Nihongo - Lesson 41 (Vocabulary)" },
  { "level": "N4", "lessonNumber": 42, "type": "Vocabulary", "file": "N4/Vocabulary/Vocabulary_42.json", "title": "Minna no Nihongo - Lesson 42 (Vocabulary)" },
  { "level": "N4", "lessonNumber": 43, "type": "Vocabulary", "file": "N4/Vocabulary/Vocabulary_43.json", "title": "Minna no Nihongo - Lesson 43 (Vocabulary)" },
  { "level": "N4", "lessonNumber": 44, "type": "Vocabulary", "file": "N4/Vocabulary/Vocabulary_44.json", "title": "Minna no Nihongo - Lesson 44 (Vocabulary)" },
  { "level": "N4", "lessonNumber": 45, "type": "Vocabulary", "file": "N4/Vocabulary/Vocabulary_45.json", "title": "Minna no Nihongo - Lesson 45 (Vocabulary)" },
  { "level": "N4", "lessonNumber": 46, "type": "Vocabulary", "file": "N4/Vocabulary/Vocabulary_46.json", "title": "Minna no Nihongo - Lesson 46 (Vocabulary)" },
  { "level": "N4", "lessonNumber": 47, "type": "Vocabulary", "file": "N4/Vocabulary/Vocabulary_47.json", "title": "Minna no Nihongo - Lesson 47 (Vocabulary)" },
  { "level": "N4", "lessonNumber": 48, "type": "Vocabulary", "file": "N4/Vocabulary/Vocabulary_48.json", "title": "Minna no Nihongo - Lesson 48 (Vocabulary)" },
  { "level": "N4", "lessonNumber": 49, "type": "Vocabulary", "file": "N4/Vocabulary/Vocabulary_49.json", "title": "Minna no Nihongo - Lesson 49 (Vocabulary)" },
  { "level": "N4", "lessonNumber": 50, "type": "Vocabulary", "file": "N4/Vocabulary/Vocabulary_50.json", "title": "Minna no Nihongo - Lesson 50 (Vocabulary)" },

  { "level": "N5", "lessonNumber": 1, "type": "Grammar", "file": "N5/Grammar/Grammar_1.json", "title": "Minna no Nihongo - Lesson 1 (Grammar)" },
  { "level": "N5", "lessonNumber": 2, "type": "Grammar", "file": "N5/Grammar/Grammar_2.json", "title": "Minna no Nihongo - Lesson 2 (Grammar)" },
  { "level": "N5", "lessonNumber": 3, "type": "Grammar", "file": "N5/Grammar/Grammar_3.json", "title": "Minna no Nihongo - Lesson 3 (Grammar)" },
  { "level": "N5", "lessonNumber": 4, "type": "Grammar", "file": "N5/Grammar/Grammar_4.json", "title": "Minna no Nihongo - Lesson 4 (Grammar)" },
  { "level": "N5", "lessonNumber": 5, "type": "Grammar", "file": "N5/Grammar/Grammar_5.json", "title": "Minna no Nihongo - Lesson 5 (Grammar)" },
  { "level": "N5", "lessonNumber": 6, "type": "Grammar", "file": "N5/Grammar/Grammar_6.json", "title": "Minna no Nihongo - Lesson 6 (Grammar)" },
  { "level": "N5", "lessonNumber": 7, "type": "Grammar", "file": "N5/Grammar/Grammar_7.json", "title": "Minna no Nihongo - Lesson 7 (Grammar)" },
  { "level": "N5", "lessonNumber": 8, "type": "Grammar", "file": "N5/Grammar/Grammar_8.json", "title": "Minna no Nihongo - Lesson 8 (Grammar)" },
  { "level": "N5", "lessonNumber": 9, "type": "Grammar", "file": "N5/Grammar/Grammar_9.json", "title": "Minna no Nihongo - Lesson 9 (Grammar)" },
  { "level": "N5", "lessonNumber": 10, "type": "Grammar", "file": "N5/Grammar/Grammar_10.json", "title": "Minna no Nihongo - Lesson 10 (Grammar)" },
  { "level": "N5", "lessonNumber": 11, "type": "Grammar", "file": "N5/Grammar/Grammar_11.json", "title": "Minna no Nihongo - Lesson 11 (Grammar)" },
  { "level": "N5", "lessonNumber": 12, "type": "Grammar", "file": "N5/Grammar/Grammar_12.json", "title": "Minna no Nihongo - Lesson 12 (Grammar)" },
  { "level": "N5", "lessonNumber": 13, "type": "Grammar", "file": "N5/Grammar/Grammar_13.json", "title": "Minna no Nihongo - Lesson 13 (Grammar)" },
  { "level": "N5", "lessonNumber": 14, "type": "Grammar", "file": "N5/Grammar/Grammar_14.json", "title": "Minna no Nihongo - Lesson 14 (Grammar)" },
  { "level": "N5", "lessonNumber": 15, "type": "Grammar", "file": "N5/Grammar/Grammar_15.json", "title": "Minna no Nihongo - Lesson 15 (Grammar)" },
  { "level": "N5", "lessonNumber": 16, "type": "Grammar", "file": "N5/Grammar/Grammar_16.json", "title": "Minna no Nihongo - Lesson 16 (Grammar)" },
  { "level": "N5", "lessonNumber": 17, "type": "Grammar", "file": "N5/Grammar/Grammar_17.json", "title": "Minna no Nihongo - Lesson 17 (Grammar)" },
  { "level": "N5", "lessonNumber": 18, "type": "Grammar", "file": "N5/Grammar/Grammar_18.json", "title": "Minna no Nihongo - Lesson 18 (Grammar)" },
  { "level": "N5", "lessonNumber": 19, "type": "Grammar", "file": "N5/Grammar/Grammar_19.json", "title": "Minna no Nihongo - Lesson 19 (Grammar)" },
  { "level": "N5", "lessonNumber": 20, "type": "Grammar", "file": "N5/Grammar/Grammar_20.json", "title": "Minna no Nihongo - Lesson 20 (Grammar)" },
  { "level": "N5", "lessonNumber": 21, "type": "Grammar", "file": "N5/Grammar/Grammar_21.json", "title": "Minna no Nihongo - Lesson 21 (Grammar)" },
  { "level": "N5", "lessonNumber": 22, "type": "Grammar", "file": "N5/Grammar/Grammar_22.json", "title": "Minna no Nihongo - Lesson 22 (Grammar)" },
  { "level": "N5", "lessonNumber": 23, "type": "Grammar", "file": "N5/Grammar/Grammar_23.json", "title": "Minna no Nihongo - Lesson 23 (Grammar)" },
  { "level": "N5", "lessonNumber": 24, "type": "Grammar", "file": "N5/Grammar/Grammar_24.json", "title": "Minna no Nihongo - Lesson 24 (Grammar)" },
  { "level": "N5", "lessonNumber": 25, "type": "Grammar", "file": "N5/Grammar/Grammar_25.json", "title": "Minna no Nihongo - Lesson 25 (Grammar)" },

  { "level": "N4", "lessonNumber": 26, "type": "Grammar", "file": "N4/Grammar/Grammar_26.json", "title": "Minna no Nihongo - Lesson 26 (Grammar)" },
  { "level": "N4", "lessonNumber": 27, "type": "Grammar", "file": "N4/Grammar/Grammar_27.json", "title": "Minna no Nihongo - Lesson 27 (Grammar)" },
  { "level": "N4", "lessonNumber": 28, "type": "Grammar", "file": "N4/Grammar/Grammar_28.json", "title": "Minna no Nihongo - Lesson 28 (Grammar)" },
  { "level": "N4", "lessonNumber": 29, "type": "Grammar", "file": "N4/Grammar/Grammar_29.json", "title": "Minna no Nihongo - Lesson 29 (Grammar)" },
  { "level": "N4", "lessonNumber": 30, "type": "Grammar", "file": "N4/Grammar/Grammar_30.json", "title": "Minna no Nihongo - Lesson 30 (Grammar)" },
  { "level": "N4", "lessonNumber": 31, "type": "Grammar", "file": "N4/Grammar/Grammar_31.json", "title": "Minna no Nihongo - Lesson 31 (Grammar)" },
  { "level": "N4", "lessonNumber": 32, "type": "Grammar", "file": "N4/Grammar/Grammar_32.json", "title": "Minna no Nihongo - Lesson 32 (Grammar)" },
  { "level": "N4", "lessonNumber": 33, "type": "Grammar", "file": "N4/Grammar/Grammar_33.json", "title": "Minna no Nihongo - Lesson 33 (Grammar)" },
  { "level": "N4", "lessonNumber": 34, "type": "Grammar", "file": "N4/Grammar/Grammar_34.json", "title": "Minna no Nihongo - Lesson 34 (Grammar)" },
  { "level": "N4", "lessonNumber": 35, "type": "Grammar", "file": "N4/Grammar/Grammar_35.json", "title": "Minna no Nihongo - Lesson 35 (Grammar)" },
  { "level": "N4", "lessonNumber": 36, "type": "Grammar", "file": "N4/Grammar/Grammar_36.json", "title": "Minna no Nihongo - Lesson 36 (Grammar)" },
  { "level": "N4", "lessonNumber": 37, "type": "Grammar", "file": "N4/Grammar/Grammar_37.json", "title": "Minna no Nihongo - Lesson 37 (Grammar)" },
  { "level": "N4", "lessonNumber": 38, "type": "Grammar", "file": "N4/Grammar/Grammar_38.json", "title": "Minna no Nihongo - Lesson 38 (Grammar)" },
  { "level": "N4", "lessonNumber": 39, "type": "Grammar", "file": "N4/Grammar/Grammar_39.json", "title": "Minna no Nihongo - Lesson 39 (Grammar)" },
  { "level": "N4", "lessonNumber": 40, "type": "Grammar", "file": "N4/Grammar/Grammar_40.json", "title": "Minna no Nihongo - Lesson 40 (Grammar)" },
  { "level": "N4", "lessonNumber": 41, "type": "Grammar", "file": "N4/Grammar/Grammar_41.json", "title": "Minna no Nihongo - Lesson 41 (Grammar)" },
  { "level": "N4", "lessonNumber": 42, "type": "Grammar", "file": "N4/Grammar/Grammar_42.json", "title": "Minna no Nihongo - Lesson 42 (Grammar)" },
  { "level": "N4", "lessonNumber": 43, "type": "Grammar", "file": "N4/Grammar/Grammar_43.json", "title": "Minna no Nihongo - Lesson 43 (Grammar)" },
  { "level": "N4", "lessonNumber": 44, "type": "Grammar", "file": "N4/Grammar/Grammar_44.json", "title": "Minna no Nihongo - Lesson 44 (Grammar)" },
  { "level": "N4", "lessonNumber": 45, "type": "Grammar", "file": "N4/Grammar/Grammar_45.json", "title": "Minna no Nihongo - Lesson 45 (Grammar)" },
  { "level": "N4", "lessonNumber": 46, "type": "Grammar", "file": "N4/Grammar/Grammar_46.json", "title": "Minna no Nihongo - Lesson 46 (Grammar)" },
  { "level": "N4", "lessonNumber": 47, "type": "Grammar", "file": "N4/Grammar/Grammar_47.json", "title": "Minna no Nihongo - Lesson 47 (Grammar)" },
  { "level": "N4", "lessonNumber": 48, "type": "Grammar", "file": "N4/Grammar/Grammar_48.json", "title": "Minna no Nihongo - Lesson 48 (Grammar)" },
  { "level": "N4", "lessonNumber": 49, "type": "Grammar", "file": "N4/Grammar/Grammar_49.json", "title": "Minna no Nihongo - Lesson 49 (Grammar)" },
  { "level": "N4", "lessonNumber": 50, "type": "Grammar", "file": "N4/Grammar/Grammar_50.json", "title": "Minna no Nihongo - Lesson 50 (Grammar)" },

  { "level": "N5", "lessonNumber": 1, "type": "General", "file": "N5/General/General_1.json", "title": "Minna no Nihongo - Lesson 1 (General)" },
  { "level": "N5", "lessonNumber": 2, "type": "General", "file": "N5/General/General_2.json", "title": "Minna no Nihongo - Lesson 2 (General)" },
  { "level": "N5", "lessonNumber": 3, "type": "General", "file": "N5/General/General_3.json", "title": "Minna no Nihongo - Lesson 3 (General)" },
  { "level": "N5", "lessonNumber": 4, "type": "General", "file": "N5/General/General_4.json", "title": "Minna no Nihongo - Lesson 4 (General)" },
  { "level": "N5", "lessonNumber": 5, "type": "General", "file": "N5/General/General_5.json", "title": "Minna no Nihongo - Lesson 5 (General)" },
  { "level": "N5", "lessonNumber": 6, "type": "General", "file": "N5/General/General_6.json", "title": "Minna no Nihongo - Lesson 6 (General)" },
  { "level": "N5", "lessonNumber": 7, "type": "General", "file": "N5/General/General_7.json", "title": "Minna no Nihongo - Lesson 7 (General)" },
  { "level": "N5", "lessonNumber": 8, "type": "General", "file": "N5/General/General_8.json", "title": "Minna no Nihongo - Lesson 8 (General)" },
  { "level": "N5", "lessonNumber": 9, "type": "General", "file": "N5/General/General_9.json", "title": "Minna no Nihongo - Lesson 9 (General)" },
  { "level": "N5", "lessonNumber": 10, "type": "General", "file": "N5/General/General_10.json", "title": "Minna no Nihongo - Lesson 10 (General)" },
  { "level": "N5", "lessonNumber": 11, "type": "General", "file": "N5/General/General_11.json", "title": "Minna no Nihongo - Lesson 11 (General)" },
  { "level": "N5", "lessonNumber": 12, "type": "General", "file": "N5/General/General_12.json", "title": "Minna no Nihongo - Lesson 12 (General)" },
  { "level": "N5", "lessonNumber": 13, "type": "General", "file": "N5/General/General_13.json", "title": "Minna no Nihongo - Lesson 13 (General)" },
  { "level": "N5", "lessonNumber": 14, "type": "General", "file": "N5/General/General_14.json", "title": "Minna no Nihongo - Lesson 14 (General)" },
  { "level": "N5", "lessonNumber": 15, "type": "General", "file": "N5/General/General_15.json", "title": "Minna no Nihongo - Lesson 15 (General)" },
  { "level": "N5", "lessonNumber": 16, "type": "General", "file": "N5/General/General_16.json", "title": "Minna no Nihongo - Lesson 16 (General)" },
  { "level": "N5", "lessonNumber": 17, "type": "General", "file": "N5/General/General_17.json", "title": "Minna no Nihongo - Lesson 17 (General)" },
  { "level": "N5", "lessonNumber": 18, "type": "General", "file": "N5/General/General_18.json", "title": "Minna no Nihongo - Lesson 18 (General)" },
  { "level": "N5", "lessonNumber": 19, "type": "General", "file": "N5/General/General_19.json", "title": "Minna no Nihongo - Lesson 19 (General)" },
  { "level": "N5", "lessonNumber": 20, "type": "General", "file": "N5/General/General_20.json", "title": "Minna no Nihongo - Lesson 20 (General)" },
  { "level": "N5", "lessonNumber": 21, "type": "General", "file": "N5/General/General_21.json", "title": "Minna no Nihongo - Lesson 21 (General)" },
  { "level": "N5", "lessonNumber": 22, "type": "General", "file": "N5/General/General_22.json", "title": "Minna no Nihongo - Lesson 22 (General)" },
  { "level": "N5", "lessonNumber": 23, "type": "General", "file": "N5/General/General_23.json", "title": "Minna no Nihongo - Lesson 23 (General)" },
  { "level": "N5", "lessonNumber": 24, "type": "General", "file": "N5/General/General_24.json", "title": "Minna no Nihongo - Lesson 24 (General)" },
  { "level": "N5", "lessonNumber": 25, "type": "General", "file": "N5/General/General_25.json", "title": "Minna no Nihongo - Lesson 25 (General)" },

  { "level": "N4", "lessonNumber": 26, "type": "General", "file": "N4/General/General_26.json", "title": "Minna no Nihongo - Lesson 26 (General)" },
  { "level": "N4", "lessonNumber": 27, "type": "General", "file": "N4/General/General_27.json", "title": "Minna no Nihongo - Lesson 27 (General)" },
  { "level": "N4", "lessonNumber": 28, "type": "General", "file": "N4/General/General_28.json", "title": "Minna no Nihongo - Lesson 28 (General)" },
  { "level": "N4", "lessonNumber": 29, "type": "General", "file": "N4/General/General_29.json", "title": "Minna no Nihongo - Lesson 29 (General)" },
  { "level": "N4", "lessonNumber": 30, "type": "General", "file": "N4/General/General_30.json", "title": "Minna no Nihongo - Lesson 30 (General)" },
  { "level": "N4", "lessonNumber": 31, "type": "General", "file": "N4/General/General_31.json", "title": "Minna no Nihongo - Lesson 31 (General)" },
  { "level": "N4", "lessonNumber": 32, "type": "General", "file": "N4/General/General_32.json", "title": "Minna no Nihongo - Lesson 32 (General)" },
  { "level": "N4", "lessonNumber": 33, "type": "General", "file": "N4/General/General_33.json", "title": "Minna no Nihongo - Lesson 33 (General)" },
  { "level": "N4", "lessonNumber": 34, "type": "General", "file": "N4/General/General_34.json", "title": "Minna no Nihongo - Lesson 34 (General)" },
  { "level": "N4", "lessonNumber": 35, "type": "General", "file": "N4/General/General_35.json", "title": "Minna no Nihongo - Lesson 35 (General)" },
  { "level": "N4", "lessonNumber": 36, "type": "General", "file": "N4/General/General_36.json", "title": "Minna no Nihongo - Lesson 36 (General)" },
  { "level": "N4", "lessonNumber": 37, "type": "General", "file": "N4/General/General_37.json", "title": "Minna no Nihongo - Lesson 37 (General)" },
  { "level": "N4", "lessonNumber": 38, "type": "General", "file": "N4/General/General_38.json", "title": "Minna no Nihongo - Lesson 38 (General)" },
  { "level": "N4", "lessonNumber": 39, "type": "General", "file": "N4/General/General_39.json", "title": "Minna no Nihongo - Lesson 39 (General)" },
  { "level": "N4", "lessonNumber": 40, "type": "General", "file": "N4/General/General_40.json", "title": "Minna no Nihongo - Lesson 40 (General)" },
  { "level": "N4", "lessonNumber": 41, "type": "General", "file": "N4/General/General_41.json", "title": "Minna no Nihongo - Lesson 41 (General)" },
  { "level": "N4", "lessonNumber": 42, "type": "General", "file": "N4/General/General_42.json", "title": "Minna no Nihongo - Lesson 42 (General)" },
  { "level": "N4", "lessonNumber": 43, "type": "General", "file": "N4/General/General_43.json", "title": "Minna no Nihongo - Lesson 43 (General)" },
  { "level": "N4", "lessonNumber": 44, "type": "General", "file": "N4/General/General_44.json", "title": "Minna no Nihongo - Lesson 44 (General)" },
  { "level": "N4", "lessonNumber": 45, "type": "General", "file": "N4/General/General_45.json", "title": "Minna no Nihongo - Lesson 45 (General)" },
  { "level": "N4", "lessonNumber": 46, "type": "General", "file": "N4/General/General_46.json", "title": "Minna no Nihongo - Lesson 46 (General)" },
  { "level": "N4", "lessonNumber": 47, "type": "General", "file": "N4/General/General_47.json", "title": "Minna no Nihongo - Lesson 47 (General)" },
  { "level": "N4", "lessonNumber": 48, "type": "General", "file": "N4/General/General_48.json", "title": "Minna no Nihongo - Lesson 48 (General)" },
  { "level": "N4", "lessonNumber": 49, "type": "General", "file": "N4/General/General_49.json", "title": "Minna no Nihongo - Lesson 49 (General)" },
  { "level": "N4", "lessonNumber": 50, "type": "General", "file": "N4/General/General_50.json", "title": "Minna no Nihongo - Lesson 50 (General)" },

  { "level": "N5", "lessonNumber": 1, "type": "Kanji", "file": "N5/Kanji/KanjiN5_1.json", "title": "Minna no Nihongo - Lesson 1 (Kanji)" },
  { "level": "N5", "lessonNumber": 2, "type": "Kanji", "file": "N5/Kanji/KanjiN5_2.json", "title": "Minna no Nihongo - Lesson 2 (Kanji)" },
  { "level": "N5", "lessonNumber": 3, "type": "Kanji", "file": "N5/Kanji/KanjiN5_3.json", "title": "Minna no Nihongo - Lesson 3 (Kanji)" },
  { "level": "N5", "lessonNumber": 4, "type": "Kanji", "file": "N5/Kanji/KanjiN5_4.json", "title": "Minna no Nihongo - Lesson 4 (Kanji)" },
  { "level": "N5", "lessonNumber": 5, "type": "Kanji", "file": "N5/Kanji/KanjiN5_5.json", "title": "Minna no Nihongo - Lesson 5 (Kanji)" },
  { "level": "N5", "lessonNumber": 6, "type": "Kanji", "file": "N5/Kanji/KanjiN5_6.json", "title": "Minna no Nihongo - Lesson 6 (Kanji)" },
  { "level": "N5", "lessonNumber": 7, "type": "Kanji", "file": "N5/Kanji/KanjiN5_7.json", "title": "Minna no Nihongo - Lesson 7 (Kanji)" },
  { "level": "N5", "lessonNumber": 8, "type": "Kanji", "file": "N5/Kanji/KanjiN5_8.json", "title": "Minna no Nihongo - Lesson 8 (Kanji)" },
  { "level": "N5", "lessonNumber": 9, "type": "Kanji", "file": "N5/Kanji/KanjiN5_9.json", "title": "Minna no Nihongo - Lesson 9 (Kanji)" },
  { "level": "N5", "lessonNumber": 10, "type": "Kanji", "file": "N5/Kanji/KanjiN5_10.json", "title": "Minna no Nihongo - Lesson 10 (Kanji)" },
  { "level": "N5", "lessonNumber": 11, "type": "Kanji", "file": "N5/Kanji/KanjiN5_11.json", "title": "Minna no Nihongo - Lesson 11 (Kanji)" },

  { "level": "N4", "lessonNumber": 12, "type": "Kanji", "file": "N4/Kanji/KanjiN4_1.json", "title": "Minna no Nihongo - Lesson 12 (Kanji)" },
  { "level": "N4", "lessonNumber": 13, "type": "Kanji", "file": "N4/Kanji/KanjiN4_2.json", "title": "Minna no Nihongo - Lesson 13 (Kanji)" },
  { "level": "N4", "lessonNumber": 14, "type": "Kanji", "file": "N4/Kanji/KanjiN4_3.json", "title": "Minna no Nihongo - Lesson 14 (Kanji)" },
  { "level": "N4", "lessonNumber": 15, "type": "Kanji", "file": "N4/Kanji/KanjiN4_4.json", "title": "Minna no Nihongo - Lesson 15 (Kanji)" },
  { "level": "N4", "lessonNumber": 16, "type": "Kanji", "file": "N4/Kanji/KanjiN4_5.json", "title": "Minna no Nihongo - Lesson 16 (Kanji)" },
  { "level": "N4", "lessonNumber": 17, "type": "Kanji", "file": "N4/Kanji/KanjiN4_6.json", "title": "Minna no Nihongo - Lesson 17 (Kanji)" },
  { "level": "N4", "lessonNumber": 18, "type": "Kanji", "file": "N4/Kanji/KanjiN4_7.json", "title": "Minna no Nihongo - Lesson 18 (Kanji)" },
  { "level": "N4", "lessonNumber": 19, "type": "Kanji", "file": "N4/Kanji/KanjiN4_8.json", "title": "Minna no Nihongo - Lesson 19 (Kanji)" },
  { "level": "N4", "lessonNumber": 20, "type": "Kanji", "file": "N4/Kanji/KanjiN4_9.json", "title": "Minna no Nihongo - Lesson 20 (Kanji)" },
  { "level": "N4", "lessonNumber": 21, "type": "Kanji", "file": "N4/Kanji/KanjiN4_10.json", "title": "Minna no Nihongo - Lesson 21 (Kanji)" },
  { "level": "N4", "lessonNumber": 22, "type": "Kanji", "file": "N4/Kanji/KanjiN4_11.json", "title": "Minna no Nihongo - Lesson 22 (Kanji)" },
  { "level": "N4", "lessonNumber": 23, "type": "Kanji", "file": "N4/Kanji/KanjiN4_12.json", "title": "Minna no Nihongo - Lesson 23 (Kanji)" },
  { "level": "N4", "lessonNumber": 24, "type": "Kanji", "file": "N4/Kanji/KanjiN4_13.json", "title": "Minna no Nihongo - Lesson 24 (Kanji)" },
  { "level": "N4", "lessonNumber": 25, "type": "Kanji", "file": "N4/Kanji/KanjiN4_14.json", "title": "Minna no Nihongo - Lesson 25 (Kanji)" },
  { "level": "N4", "lessonNumber": 26, "type": "Kanji", "file": "N4/Kanji/KanjiN4_15.json", "title": "Minna no Nihongo - Lesson 26 (Kanji)" },
  { "level": "N4", "lessonNumber": 27, "type": "Kanji", "file": "N4/Kanji/KanjiN4_16.json", "title": "Minna no Nihongo - Lesson 27 (Kanji)" },
  { "level": "N4", "lessonNumber": 28, "type": "Kanji", "file": "N4/Kanji/KanjiN4_17.json", "title": "Minna no Nihongo - Lesson 28 (Kanji)" },
  { "level": "N4", "lessonNumber": 29, "type": "Kanji", "file": "N4/Kanji/KanjiN4_18.json", "title": "Minna no Nihongo - Lesson 29 (Kanji)" },
  { "level": "N4", "lessonNumber": 30, "type": "Kanji", "file": "N4/Kanji/KanjiN4_19.json", "title": "Minna no Nihongo - Lesson 30 (Kanji)" },
  { "level": "N4", "lessonNumber": 31, "type": "Kanji", "file": "N4/Kanji/KanjiN4_20.json", "title": "Minna no Nihongo - Lesson 31 (Kanji)" }
]