[
  {
    "question": "わたし ___ がくせい です。",
    "options": ["は", "を", "に", "で"],
    "answerIndex": 0,
    "translation": "I am a student.",
    "kind": "particle"
  },
  {
    "question": "これは なん ___ か。",
    "options": ["が", "を", "です", "で"],
    "answerIndex": 2,
    "translation": "What is this?",
    "kind": "grammar"
  },
  {
    "question": "わたし は きょうと ___ いきます。",
    "options": ["が", "に", "を", "は"],
    "answerIndex": 1,
    "translation": "I go to Kyoto.",
    "kind": "particle"
  }
]