﻿[
  {
    "question": "わたし は <hl>がくせい</hl> です。",
    "options": ["学生", "先生", "会社員", "医者"],
    "answerIndex": 0,
    "translation": "I am a student.",
    "kind": "reading"
  },
  {
    "question": "これは <hl>ほん</hl> です。",
    "options": ["本", "新聞", "辞書", "雑誌"],
    "answerIndex": 0,
    "translation": "This is a book.",
    "kind": "reading"
  },
  {
    "question": "わたし は にほんご を <hl>べんきょう</hl> します。",
    "options": ["勉強", "旅行", "運動", "料理"],
    "answerIndex": 0,
    "translation": "I study Japanese.",
    "kind": "reading"
  }
]