[
  {
    "question": "がくせい",
    "options": ["学生", "先生", "学校", "大学"],
    "answerIndex": 0,
    "translation": "student",
    "kind": "kanji-reading"
  },
  {
    "question": "やま",
    "options": ["山", "川", "森", "林"],
    "answerIndex": 0,
    "translation": "mountain",
    "kind": "kanji-reading"
  },
  {
    "question": "ひ",
    "options": ["日", "月", "火", "水"],
    "answerIndex": 0,
    "translation": "sun / day",
    "kind": "kanji-reading"
  }
]