[
  {
    "question": "<hl>きのう</hl> は いそがしかった です。",
    "options": ["昨日", "今日", "明日", "毎日"],
    "answerIndex": 0,
    "translation": "Yesterday was busy.",
    "kind": "reading"
  },
  {
    "question": "わたし は コーヒー ___ のみます。",
    "options": ["が", "を", "に", "で"],
    "answerIndex": 1,
    "translation": "I drink coffee.",
    "kind": "particle"
  },
  {
    "question": "「ありがとう」は えいご で なん です か。",
    "options": ["Sorry", "Thank you", "Hello", "Goodbye"],
    "answerIndex": 1,
    "translation": "What is 'arigatou' in English?",
    "kind": "meaning"
  }
]